{
    "440 Hz": {
        "survival_time": 3.9081092125528487,
        "identity_stability": 0.8025537876081874,
        "energy_decay": 0.12025737376631436,
        "recovery_after_perturbation": 0.9999659195990078,
        "competition_strength": 0.7412356005577296,
        "state_memory": 0.0
    },
    "880 Hz": {
        "survival_time": 2.169815250925361,
        "identity_stability": 0.8028736983499856,
        "energy_decay": 0.013005001564686957,
        "recovery_after_perturbation": 0.9999208317494405,
        "competition_strength": 0.20042301370726648,
        "state_memory": 0.0
    },
    "1320 Hz": {
        "survival_time": 0.9155685493849478,
        "identity_stability": 0.8005392039289485,
        "energy_decay": 2.5264066814155304e-05,
        "recovery_after_perturbation": 0.9995101285877313,
        "competition_strength": 0.04014413613345636,
        "state_memory": 0.0
    },
    "noise floor": {
        "survival_time": 0.5491201261245293,
        "identity_stability": 0.8029163848725596,
        "energy_decay": 2.87144944658758e-08,
        "recovery_after_perturbation": 0.997110714870165,
        "competition_strength": 0.018197249597219564,
        "state_memory": 0.0
    }
}