{
    "mode 1": {
        "survival_time": 4.296627418402771,
        "identity_stability": 0.8006977711334604,
        "energy_decay": 0.0980348639706084,
        "recovery_after_perturbation": 0.9999999726837875,
        "competition_strength": 0.6955626186925902,
        "state_memory": 0.0
    },
    "mode 2": {
        "survival_time": 2.577218151900383,
        "identity_stability": 0.7918343990758293,
        "energy_decay": 0.01375749203225249,
        "recovery_after_perturbation": 0.999999297927294,
        "competition_strength": 0.22437999515599913,
        "state_memory": 0.0
    },
    "mode 3": {
        "survival_time": 1.3473172063450385,
        "identity_stability": 0.7968915182818758,
        "energy_decay": 0.00025940804142262714,
        "recovery_after_perturbation": 0.9999998946485222,
        "competition_strength": 0.0575743878812223,
        "state_memory": 0.0
    },
    "mode 4": {
        "survival_time": 0.750234997746516,
        "identity_stability": 0.7935421046648597,
        "energy_decay": 3.518305944277078e-07,
        "recovery_after_perturbation": 0.999999183171306,
        "competition_strength": 0.02248299826522324,
        "state_memory": 0.0
    }
}