{
    "mode 1": {
        "survival_time": 5.445079365079366,
        "identity_stability": 0.8006977711334604,
        "energy_decay": 0.0980348639706084,
        "recovery_after_perturbation": 0.8627267651763442,
        "competition_strength": 0.6955626186925902,
        "state_memory": 0.9999943437919311
    },
    "mode 2": {
        "survival_time": 3.006984126984127,
        "identity_stability": 0.7918343990758293,
        "energy_decay": 0.01375749203225249,
        "recovery_after_perturbation": 0.896233423410542,
        "competition_strength": 0.22437999515599913,
        "state_memory": 0.9999932146659639
    },
    "mode 3": {
        "survival_time": 1.532517006802721,
        "identity_stability": 0.7968915182818758,
        "energy_decay": 0.00025940804142262714,
        "recovery_after_perturbation": 0.9570229612697052,
        "competition_strength": 0.0575743878812223,
        "state_memory": 0.9999758709137135
    },
    "mode 4": {
        "survival_time": 0.8591383219954648,
        "identity_stability": 0.7935421046648597,
        "energy_decay": 3.518305944277078e-07,
        "recovery_after_perturbation": 0.9893953857179077,
        "competition_strength": 0.02248299826522324,
        "state_memory": 0.9999991799272878
    }
}