{
    "0.02": {
        "gains": [
            0.0,
            0.025384615384615384,
            0.05076923076923077,
            0.07615384615384616,
            0.10153846153846154,
            0.12692307692307692,
            0.1523076923076923,
            0.17769230769230768,
            0.20307692307692307,
            0.22846153846153847,
            0.25384615384615383,
            0.2792307692307692,
            0.3046153846153846,
            0.33,
            0.35538461538461535,
            0.38076923076923075,
            0.40615384615384614,
            0.43153846153846154,
            0.45692307692307693,
            0.48230769230769227,
            0.5076923076923077,
            0.5330769230769231,
            0.5584615384615385,
            0.5838461538461538,
            0.6092307692307692,
            0.6346153846153846,
            0.66,
            0.6853846153846154,
            0.7107692307692307,
            0.7361538461538462,
            0.7615384615384615,
            0.786923076923077,
            0.8123076923076923,
            0.8376923076923076,
            0.8630769230769231,
            0.8884615384615384,
            0.9138461538461539,
            0.9392307692307692,
            0.9646153846153845,
            0.99
        ],
        "bifurcation_gain": 0.786923076923077,
        "bifurcation_step_dist": 3.197946675480657,
        "mean_dist": 0.1487885345954294,
        "step_dists_6d": [
            1.285397422157164e-05,
            4.1594673693690076e-05,
            7.067969332652524e-05,
            0.00010034085972576712,
            0.00013082137893638546,
            0.00016238091716014313,
            0.0001953012665520948,
            0.00022989282917862397,
            0.00026650220863644325,
            0.00030552127729088774,
            0.0003473981952848426,
            0.000392651006699718,
            0.00044188464522143533,
            0.0004958124710920941,
            0.0005552838701102791,
            0.0006213200300737576,
            0.0006951608565773926,
            0.0007783272329030533,
            0.0008727046811833894,
            0.0009806572889192733,
            0.0011051850954391096,
            0.0012501449478943272,
            0.001420565799049367,
            0.0016231074883014118,
            0.001866742649436648,
            0.002163794816976039,
            0.00253156233353935,
            0.0029949389627970113,
            0.003590798044465826,
            0.00437564238151289,
            0.005439634614127331,
            3.197946675480657,
            0.009322901106351547,
            0.012711194676527319,
            0.018422523438516386,
            0.0298534470135008,
            0.05348684456959395,
            0.1303512930327547,
            2.3145987634135197
        ]
    },
    "0.05": {
        "gains": [
            0.0,
            0.025384615384615384,
            0.05076923076923077,
            0.07615384615384616,
            0.10153846153846154,
            0.12692307692307692,
            0.1523076923076923,
            0.17769230769230768,
            0.20307692307692307,
            0.22846153846153847,
            0.25384615384615383,
            0.2792307692307692,
            0.3046153846153846,
            0.33,
            0.35538461538461535,
            0.38076923076923075,
            0.40615384615384614,
            0.43153846153846154,
            0.45692307692307693,
            0.48230769230769227,
            0.5076923076923077,
            0.5330769230769231,
            0.5584615384615385,
            0.5838461538461538,
            0.6092307692307692,
            0.6346153846153846,
            0.66,
            0.6853846153846154,
            0.7107692307692307,
            0.7361538461538462,
            0.7615384615384615,
            0.786923076923077,
            0.8123076923076923,
            0.8376923076923076,
            0.8630769230769231,
            0.8884615384615384,
            0.9138461538461539,
            0.9392307692307692,
            0.9646153846153845,
            0.99
        ],
        "bifurcation_gain": 0.9646153846153845,
        "bifurcation_step_dist": 2.614173429287427,
        "mean_dist": 0.13359686744044635,
        "step_dists_6d": [
            3.6612484208053964e-05,
            0.00011027758950610256,
            0.00018526790865547316,
            0.00026248297788655783,
            0.0003428466116371931,
            0.00042731704143317284,
            0.0005168976111186163,
            0.0006126483895798618,
            0.0007156992464582013,
            0.000827265199455196,
            0.0009486652086460046,
            0.0010813460958233323,
            0.0012269139469116563,
            0.0013871762687380773,
            0.001564199396212551,
            0.0017603872985149094,
            0.0019785901944441298,
            0.0022222545513971292,
            0.002495630596726084,
            0.0028040602347061405,
            0.0031543786315403333,
            0.003555479101320591,
            0.004019117477391476,
            0.004561076326521474,
            0.005202884762073534,
            0.005974421940165842,
            0.0069179720311077775,
            0.00809474896919482,
            0.009595793276995446,
            0.011560967827701218,
            0.014213776790445887,
            0.017929135045996136,
            0.023375326063540758,
            0.03184020438733204,
            0.04607715693603719,
            0.0728960887996037,
            0.1333275874213048,
            2.1723017462496483,
            2.614173429287427
        ]
    },
    "0.1": {
        "gains": [
            0.0,
            0.025384615384615384,
            0.05076923076923077,
            0.07615384615384616,
            0.10153846153846154,
            0.12692307692307692,
            0.1523076923076923,
            0.17769230769230768,
            0.20307692307692307,
            0.22846153846153847,
            0.25384615384615383,
            0.2792307692307692,
            0.3046153846153846,
            0.33,
            0.35538461538461535,
            0.38076923076923075,
            0.40615384615384614,
            0.43153846153846154,
            0.45692307692307693,
            0.48230769230769227,
            0.5076923076923077,
            0.5330769230769231,
            0.5584615384615385,
            0.5838461538461538,
            0.6092307692307692,
            0.6346153846153846,
            0.66,
            0.6853846153846154,
            0.7107692307692307,
            0.7361538461538462,
            0.7615384615384615,
            0.786923076923077,
            0.8123076923076923,
            0.8376923076923076,
            0.8630769230769231,
            0.8884615384615384,
            0.9138461538461539,
            0.9392307692307692,
            0.9646153846153845,
            0.99
        ],
        "bifurcation_gain": 0.9138461538461539,
        "bifurcation_step_dist": 1.892106788126513,
        "mean_dist": 0.13628242247397723,